{
  "IcoMoonType": "selection",
  "icons": [
    {
      "icon": {
        "paths": [
          "M128 256h768v86h-768v-86zM128 554v-84h768v84h-768zM128 768v-86h768v86h-768z"
        ],
        "attrs": [],
        "isMulticolor": false,
        "isMulticolor2": false,
        "tags": [
          "menu"
        ],
        "defaultCode": 58834,
        "grid": 24
      },
      "attrs": [],
      "properties": {
        "order": 2,
        "ligatures": "menu",
        "id": 489,
        "prevSize": 24,
        "code": 58834,
        "name": "menu"
      },
      "setIdx": 0,
      "setId": 2,
      "iconIdx": 489
    },
    {
      "icon": {
        "paths": [
          "M726 44c46 0 84 38 84 84v726c0 46-38 84-84 84h-90c-4-60-18-116-40-170h130v-554h-428v256c-28-12-54-22-84-28v-314c0-46 38-86 84-86zM86 512c260 0 468 210 468 470h-84c0-212-172-384-384-384v-86zM86 854c70 0 128 58 128 128h-128v-128zM86 682c166 0 298 134 298 300h-86c0-118-94-214-212-214v-86z"
        ],
        "attrs": [],
        "isMulticolor": false,
        "isMulticolor2": false,
        "tags": [
          "tap_and_play"
        ],
        "defaultCode": 58923,
        "grid": 24
      },
      "attrs": [],
      "properties": {
        "order": 5,
        "ligatures": "tap_and_play",
        "id": 751,
        "prevSize": 24,
        "code": 58923,
        "name": "tap_and_play"
      },
      "setIdx": 0,
      "setId": 2,
      "iconIdx": 751
    },
    {
      "icon": {
        "paths": [
          "M426 726l342-342-60-60-282 280-110-110-60 60zM512 42l384 172v256c0 236-164 458-384 512-220-54-384-276-384-512v-256z"
        ],
        "attrs": [],
        "isMulticolor": false,
        "isMulticolor2": false,
        "tags": [
          "verified_user"
        ],
        "defaultCode": 59624,
        "grid": 24
      },
      "attrs": [],
      "properties": {
        "order": 4,
        "ligatures": "verified_user",
        "id": 789,
        "prevSize": 24,
        "code": 59624,
        "name": "verified_user"
      },
      "setIdx": 0,
      "setId": 2,
      "iconIdx": 789
    },
    {
      "icon": {
        "paths": [
          "M512 128c236 0 426 190 426 426 0 158-84 296-212 370l-44-74c102-60 172-170 172-296 0-188-154-340-342-340s-342 152-342 340c0 126 68 236 170 296l-42 74c-128-74-212-212-212-370 0-236 190-426 426-426zM768 554c0 94-52 178-128 222l-42-74c50-30 84-84 84-148 0-94-76-170-170-170s-170 76-170 170c0 64 34 118 84 148l-42 74c-76-44-128-128-128-222 0-142 114-256 256-256s256 114 256 256zM512 470c46 0 86 38 86 84s-40 86-86 86-86-40-86-86 40-84 86-84z"
        ],
        "attrs": [],
        "isMulticolor": false,
        "isMulticolor2": false,
        "tags": [
          "wifi_tethering"
        ],
        "defaultCode": 57826,
        "grid": 24
      },
      "attrs": [],
      "properties": {
        "order": 3,
        "ligatures": "wifi_tethering",
        "id": 838,
        "prevSize": 24,
        "code": 57826,
        "name": "wifi_tethering"
      },
      "setIdx": 0,
      "setId": 2,
      "iconIdx": 838
    },
    {
      "icon": {
        "paths": [
          "M928 0h-832c-52.8 0-96 43.2-96 96v832c0 52.8 43.2 96 96 96h416v-448h-128v-128h128v-64c0-105.8 86.2-192 192-192h128v128h-128c-35.2 0-64 28.8-64 64v64h192l-32 128h-160v448h288c52.8 0 96-43.2 96-96v-832c0-52.8-43.2-96-96-96z"
        ],
        "attrs": [],
        "isMulticolor": false,
        "isMulticolor2": false,
        "tags": [
          "facebook",
          "brand",
          "social"
        ],
        "defaultCode": 60049,
        "grid": 16
      },
      "attrs": [],
      "properties": {
        "ligatures": "facebook2, brand11",
        "name": "facebook2",
        "id": 401,
        "order": 6,
        "prevSize": 32,
        "code": 60049
      },
      "setIdx": 1,
      "setId": 1,
      "iconIdx": 401
    },
    {
      "icon": {
        "paths": [
          "M1024 226.4c-37.6 16.8-78.2 28-120.6 33 43.4-26 76.6-67.2 92.4-116.2-40.6 24-85.6 41.6-133.4 51-38.4-40.8-93-66.2-153.4-66.2-116 0-210 94-210 210 0 16.4 1.8 32.4 5.4 47.8-174.6-8.8-329.4-92.4-433-219.6-18 31-28.4 67.2-28.4 105.6 0 72.8 37 137.2 93.4 174.8-34.4-1-66.8-10.6-95.2-26.2 0 0.8 0 1.8 0 2.6 0 101.8 72.4 186.8 168.6 206-17.6 4.8-36.2 7.4-55.4 7.4-13.6 0-26.6-1.4-39.6-3.8 26.8 83.4 104.4 144.2 196.2 146-72 56.4-162.4 90-261 90-17 0-33.6-1-50.2-3 93.2 59.8 203.6 94.4 322.2 94.4 386.4 0 597.8-320.2 597.8-597.8 0-9.2-0.2-18.2-0.6-27.2 41-29.4 76.6-66.4 104.8-108.6z"
        ],
        "attrs": [],
        "isMulticolor": false,
        "isMulticolor2": false,
        "tags": [
          "twitter",
          "brand",
          "tweet",
          "social"
        ],
        "defaultCode": 60054,
        "grid": 16
      },
      "attrs": [],
      "properties": {
        "ligatures": "twitter, brand16",
        "name": "twitter",
        "id": 406,
        "order": 7,
        "prevSize": 32,
        "code": 60054
      },
      "setIdx": 1,
      "setId": 1,
      "iconIdx": 406
    },
    {
      "icon": {
        "paths": [
          "M1013.8 307.2c0 0-10-70.6-40.8-101.6-39-40.8-82.6-41-102.6-43.4-143.2-10.4-358.2-10.4-358.2-10.4h-0.4c0 0-215 0-358.2 10.4-20 2.4-63.6 2.6-102.6 43.4-30.8 31-40.6 101.6-40.6 101.6s-10.2 82.8-10.2 165.8v77.6c0 82.8 10.2 165.8 10.2 165.8s10 70.6 40.6 101.6c39 40.8 90.2 39.4 113 43.8 82 7.8 348.2 10.2 348.2 10.2s215.2-0.4 358.4-10.6c20-2.4 63.6-2.6 102.6-43.4 30.8-31 40.8-101.6 40.8-101.6s10.2-82.8 10.2-165.8v-77.6c-0.2-82.8-10.4-165.8-10.4-165.8zM406.2 644.8v-287.8l276.6 144.4-276.6 143.4z"
        ],
        "attrs": [],
        "isMulticolor": false,
        "isMulticolor2": false,
        "tags": [
          "youtube",
          "brand",
          "social"
        ],
        "defaultCode": 60061,
        "grid": 16
      },
      "attrs": [],
      "properties": {
        "ligatures": "youtube, brand21",
        "name": "youtube",
        "id": 413,
        "order": 8,
        "prevSize": 32,
        "code": 60061
      },
      "setIdx": 1,
      "setId": 1,
      "iconIdx": 413
    },
    {
      "icon": {
        "paths": [
          "M928 0h-832c-52.8 0-96 43.2-96 96v832c0 52.8 43.2 96 96 96h832c52.8 0 96-43.2 96-96v-832c0-52.8-43.2-96-96-96zM384 832h-128v-448h128v448zM320 320c-35.4 0-64-28.6-64-64s28.6-64 64-64c35.4 0 64 28.6 64 64s-28.6 64-64 64zM832 832h-128v-256c0-35.4-28.6-64-64-64s-64 28.6-64 64v256h-128v-448h128v79.4c26.4-36.2 66.8-79.4 112-79.4 79.6 0 144 71.6 144 160v288z"
        ],
        "attrs": [],
        "isMulticolor": false,
        "isMulticolor2": false,
        "tags": [
          "linkedin",
          "brand",
          "social"
        ],
        "defaultCode": 60105,
        "grid": 16
      },
      "attrs": [],
      "properties": {
        "ligatures": "linkedin, brand64",
        "name": "linkedin",
        "id": 457,
        "order": 9,
        "prevSize": 32,
        "code": 60105
      },
      "setIdx": 1,
      "setId": 1,
      "iconIdx": 457
    }
  ],
  "height": 1024,
  "metadata": {
    "name": "icomoon"
  },
  "preferences": {
    "showGlyphs": true,
    "showCodes": true,
    "showQuickUse": true,
    "showQuickUse2": true,
    "showSVGs": true,
    "fontPref": {
      "prefix": "icon-",
      "metadata": {
        "fontFamily": "icomoon"
      },
      "metrics": {
        "emSize": 1024,
        "baseline": 6.25,
        "whitespace": 50
      },
      "embed": false
    },
    "imagePref": {
      "prefix": "icon-",
      "png": true,
      "useClassSelector": true,
      "color": 0,
      "bgColor": 16777215
    },
    "historySize": 100
  }
}